Parameter,Unit,Si,Rw,Wp
pH,,9.0,4,0.12121212121212122
Temperature (T°C),°C,30.0,1,0.030303030303030304
EC (mS/cm),mS/cm,2700.0,3,0.09090909090909091
DO (mg/L),mg/L,7.0,3,0.09090909090909091
NH4+ (mg/L),mg/L,0.5,4,0.12121212121212122
NO3- (mg/L),mg/L,50.0,5,0.15151515151515152
SO4^2- (mg/L),mg/L,250.0,4,0.12121212121212122
PO4^3- (mg/L),mg/L,1.0,4,0.12121212121212122
BOD5 (mg/L),mg/L,5.0,5,0.15151515151515152
